e_mrna,pairing,mismatches,weight,structure,mfe,ratio
uAGuUGuuGAuuAGuuAAGuuuuAuuuGG,||:|:::|:|:||||||||:|:|||:||:,0,-560,((((((((((((((((((((((((((((((((((((((())))))))))))))))))))))))))))))))))))))),-43.5,1.0
uAGUuGuuGAuuAGuuAAGuuuuAuuuGG,||:|:::|:|:||||||||:|:|||:||:,0,-560,((((((((((((((((((((((((((((((((((((((())))))))))))))))))))))))))))))))))))))),-43.5,1.0
UAGuUGuuGAuuAGuuAAGuuuuAuuuGG,||:|:::|:|:||||||||:|:|||:||:,0,-560,((((((((((((((((((((((((((((((((((((((())))))))))))))))))))))))))))))))))))))),-43.5,1.0
UAGUUGuuGAuuAGuuAAGuuuuAuuuGG,||:|:::|:|:||||||||:|:|||:||:,0,-560,((((((((((((((((((((((((((((((((((((((())))))))))))))))))))))))))))))))))))))),-43.5,1.0
UAGUuGuuGAuuAGuuAAGuuuuAuuuGG,||:|:::|:|:||||||||:|:|||:||:,0,-560,((((((((((((((((((((((((((((((((((((((())))))))))))))))))))))))))))))))))))))),-43.5,1.0
uAGUUGuuGAuuAGuuAAGuuuuAuuuGG,||:|:::|:|:||||||||:|:|||:||:,0,-560,((((((((((((((((((((((((((((((((((((((())))))))))))))))))))))))))))))))))))))),-43.5,1.0
UAGUuUGuGAuuAGuuAAGuuuuAuuuGG,||:|:..|:|:||||||||:|:|||:||:,2,-530,(((((..(((((((((((((((((((((((((((((((())))))))))))))))))))))))))))))))..))))),-42.20000076293945,0.12104972832997206
UAGuuUGuGAuuAGuuAAGuuuuAuuuGG,||:|:..|:|:||||||||:|:|||:||:,2,-530,(((((..(((((((((((((((((((((((((((((((())))))))))))))))))))))))))))))))..))))),-42.20000076293945,0.12104972832997206
uAGuUUGuGAuuAGuuAAGuuuuAuuuGG,||:|:..|:|:||||||||:|:|||:||:,2,-530,(((((..(((((((((((((((((((((((((((((((())))))))))))))))))))))))))))))))..))))),-42.20000076293945,0.12104972832997206
uAGuuUGuGAuuAGuuAAGuuuuAuuuGG,||:|:..|:|:||||||||:|:|||:||:,2,-530,(((((..(((((((((((((((((((((((((((((((())))))))))))))))))))))))))))))))..))))),-42.20000076293945,0.12104972832997206
uAGUuUGuGAuuAGuuAAGuuuuAuuuGG,||:|:..|:|:||||||||:|:|||:||:,2,-530,(((((..(((((((((((((((((((((((((((((((())))))))))))))))))))))))))))))))..))))),-42.20000076293945,0.12104972832997206
UAGuUUGuGAuuAGuuAAGuuuuAuuuGG,||:|:..|:|:||||||||:|:|||:||:,2,-530,(((((..(((((((((((((((((((((((((((((((())))))))))))))))))))))))))))))))..))))),-42.20000076293945,0.12104972832997206
GUAGuUGuGAuuAGuuAAGuuuuAuuuGG,..|.:..|:|:||||||||:|:|||:||:,5,-475,.(((((.(((((((((((((((((((((((((((((((())))))))))))))))))))))))))))))))..))))),-42.099998474121094,0.1029013135082407
uUAGUUGuGAuuAGuuAAGuuuuAuuuGG,|.|.:..|:|:||||||||:|:|||:||:,4,-495,.(((((.(((((((((((((((((((((((((((((((())))))))))))))))))))))))))))))))..))))),-42.099998474121094,0.1029013135082407
UUAGUUGuGAuuAGuuAAGuuuuAuuuGG,|.|.:..|:|:||||||||:|:|||:||:,4,-495,.(((((.(((((((((((((((((((((((((((((((())))))))))))))))))))))))))))))))..))))),-42.099998474121094,0.1029013135082407
uUAGuUGuGAuuAGuuAAGuuuuAuuuGG,|.|.:..|:|:||||||||:|:|||:||:,4,-495,.(((((.(((((((((((((((((((((((((((((((())))))))))))))))))))))))))))))))..))))),-42.099998474121094,0.1029013135082407
GUAGUUGuGAuuAGuuAAGuuuuAuuuGG,..|.:..|:|:||||||||:|:|||:||:,5,-475,.(((((.(((((((((((((((((((((((((((((((())))))))))))))))))))))))))))))))..))))),-42.099998474121094,0.1029013135082407
UUAGuUGuGAuuAGuuAAGuuuuAuuuGG,|.|.:..|:|:||||||||:|:|||:||:,4,-495,.(((((.(((((((((((((((((((((((((((((((())))))))))))))))))))))))))))))))..))))),-42.099998474121094,0.1029013135082407
GGUUAGUGGAuuAGuuAAGuuuuAuuuGG,.:.|.::.:|:||||||||:|:|||:||:,4,-485,(((((.((.(((((((((((((((((((((((((((((()))))))))))))))))))))))))))))))).))))).,-41.70000076293945,0.05373501676121481
GGUuAGUGGAuuAGuuAAGuuuuAuuuGG,.:.|.::.:|:||||||||:|:|||:||:,4,-485,(((((.((.(((((((((((((((((((((((((((((()))))))))))))))))))))))))))))))).))))).,-41.70000076293945,0.05373501676121481
UAGuUUuGGAuuAGuuAAGuuuuAuuuGG,||:|:.:.:|:||||||||:|:|||:||:,2,-525,(((((...((((((((((((((((((((((((((((((()))))))))))))))))))))))))))))))...))))),-41.5,0.038830615836912795
uAGuUUuGGAuuAGuuAAGuuuuAuuuGG,||:|:.:.:|:||||||||:|:|||:||:,2,-525,(((((...((((((((((((((((((((((((((((((()))))))))))))))))))))))))))))))...))))),-41.5,0.038830615836912795
UAGUuUuGGAuuAGuuAAGuuuuAuuuGG,||:|:.:.:|:||||||||:|:|||:||:,2,-525,(((((...((((((((((((((((((((((((((((((()))))))))))))))))))))))))))))))...))))),-41.5,0.038830615836912795
AGUuuGuuGAuuAGuuAAGuuuuAuuuGG,.:.|:::|:|:||||||||:|:|||:||:,2,-520,((((..((((((((((((((((((((((((((((((((())))))))))))))))))))))))))))))))).)))).,-41.5,0.038830615836912795
UAGuuUuGGAuuAGuuAAGuuuuAuuuGG,||:|:.:.:|:||||||||:|:|||:||:,2,-525,(((((...((((((((((((((((((((((((((((((()))))))))))))))))))))))))))))))...))))),-41.5,0.038830615836912795
uAGuuUUGGAuuAGuuAAGuuuuAuuuGG,||:|:.:.:|:||||||||:|:|||:||:,2,-525,(((((...((((((((((((((((((((((((((((((()))))))))))))))))))))))))))))))...))))),-41.5,0.038830615836912795
AGUuUGuuGAuuAGuuAAGuuuuAuuuGG,.:.|:::|:|:||||||||:|:|||:||:,2,-520,((((..((((((((((((((((((((((((((((((((())))))))))))))))))))))))))))))))).)))).,-41.5,0.038830615836912795
AGUUuGuuGAuuAGuuAAGuuuuAuuuGG,.:.|:::|:|:||||||||:|:|||:||:,2,-520,((((..((((((((((((((((((((((((((((((((())))))))))))))))))))))))))))))))).)))).,-41.5,0.038830615836912795
UAGuuUUGGAuuAGuuAAGuuuuAuuuGG,||:|:.:.:|:||||||||:|:|||:||:,2,-525,(((((...((((((((((((((((((((((((((((((()))))))))))))))))))))))))))))))...))))),-41.5,0.038830615836912795
uAGUuUuGGAuuAGuuAAGuuuuAuuuGG,||:|:.:.:|:||||||||:|:|||:||:,2,-525,(((((...((((((((((((((((((((((((((((((()))))))))))))))))))))))))))))))...))))),-41.5,0.038830615836912795
uAGuuUuGGAuuAGuuAAGuuuuAuuuGG,||:|:.:.:|:||||||||:|:|||:||:,2,-525,(((((...((((((((((((((((((((((((((((((()))))))))))))))))))))))))))))))...))))),-41.5,0.038830615836912795
uUAGUGuuGAuuAGuuAAGuuuuAuuuGG,|.|.:::|:|:||||||||:|:|||:||:,2,-525,.((((.((((((((((((((((((((((((((((((((()))))))))))))))))))))))))))))))))..)))),-41.400001525878906,0.03300912928170463
GUAGUGuuGAuuAGuuAAGuuuuAuuuGG,..|.:::|:|:||||||||:|:|||:||:,3,-505,.((((.((((((((((((((((((((((((((((((((()))))))))))))))))))))))))))))))))..)))),-41.400001525878906,0.03300912928170463
UUAGUGuuGAuuAGuuAAGuuuuAuuuGG,|.|.:::|:|:||||||||:|:|||:||:,2,-525,.((((.((((((((((((((((((((((((((((((((()))))))))))))))))))))))))))))))))..)))),-41.400001525878906,0.03300912928170463
GGGuUAGUGGAuAGuuAAGuuuuAuuuGG,.::|:|.|::.||||||||:|:|||:||:,3,-505,.(((((.(((.(((((((((((((((((((((((((((()))))))))))))))))))))))))))).))).))))).,-41.20000076293945,0.023853436650903247
GGGUuAGUGGAuAGuuAAGuuuuAuuuGG,.::|:|.|::.||||||||:|:|||:||:,3,-505,.(((((.(((.(((((((((((((((((((((((((((()))))))))))))))))))))))))))).))).))))).,-41.20000076293945,0.023853436650903247
GGGUUAGUGGAuAGuuAAGuuuuAuuuGG,.::|:|.|::.||||||||:|:|||:||:,3,-505,.(((((.(((.(((((((((((((((((((((((((((()))))))))))))))))))))))))))).))).))))).,-41.20000076293945,0.023853436650903247
uGUuuGuuGAuuAGuuAAGuuuuAuuuGG,|:.|:::|:|:||||||||:|:|||:||:,1,-540,......((((((((((((((((((((((((((((((((()))))))))))))))))))))))))))))))))......,-41.099998474121094,0.02027720340166847
GUUuuGuuGAuuAGuuAAGuuuuAuuuGG,...|:::|:|:||||||||:|:|||:||:,3,-505,......((((((((((((((((((((((((((((((((()))))))))))))))))))))))))))))))))......,-41.099998474121094,0.02027720340166847
uGUUuGuuGAuuAGuuAAGuuuuAuuuGG,|:.|:::|:|:||||||||:|:|||:||:,1,-540,......((((((((((((((((((((((((((((((((()))))))))))))))))))))))))))))))))......,-41.099998474121094,0.02027720340166847
uGGUuAGUGGAuAGuuAAGuuuuAuuuGG,|::|:|.|::.||||||||:|:|||:||:,2,-525,((((((.(((.(((((((((((((((((((((((((((()))))))))))))))))))))))))))).))).)))))),-41.099998474121094,0.02027720340166847
uGGUUAGUGGAuAGuuAAGuuuuAuuuGG,|::|:|.|::.||||||||:|:|||:||:,2,-525,((((((.(((.(((((((((((((((((((((((((((()))))))))))))))))))))))))))).))).)))))),-41.099998474121094,0.02027720340166847
uGUuUGuuGAuuAGuuAAGuuuuAuuuGG,|:.|:::|:|:||||||||:|:|||:||:,1,-540,......((((((((((((((((((((((((((((((((()))))))))))))))))))))))))))))))))......,-41.099998474121094,0.02027720340166847
uGGuUAGUGGAuAGuuAAGuuuuAuuuGG,|::|:|.|::.||||||||:|:|||:||:,2,-525,((((((.(((.(((((((((((((((((((((((((((()))))))))))))))))))))))))))).))).)))))),-41.099998474121094,0.02027720340166847
uUUuuGuuGAuuAGuuAAGuuuuAuuuGG,|..|:::|:|:||||||||:|:|||:||:,2,-525,......((((((((((((((((((((((((((((((((()))))))))))))))))))))))))))))))))......,-41.099998474121094,0.02027720340166847
uGUUAGUGGAuuAGuuAAGuuuuAuuuGG,|:.|.::.:|:||||||||:|:|||:||:,3,-505,.((((.((.(((((((((((((((((((((((((((((()))))))))))))))))))))))))))))))).))))..,-41.0,0.01723724473926114
uGUuAGUGGAuuAGuuAAGuuuuAuuuGG,|:.|.::.:|:||||||||:|:|||:||:,3,-505,.((((.((.(((((((((((((((((((((((((((((()))))))))))))))))))))))))))))))).))))..,-41.0,0.01723724473926114
AGUuuUGuGAuuAGuuAAGuuuuAuuuGG,.:.|:..|:|:||||||||:|:|||:||:,4,-490,((((...(((((((((((((((((((((((((((((((())))))))))))))))))))))))))))))))..)))).,-40.900001525878906,0.014653036728760041
uGUAGUGuGAuuAGuuAAGuuuuAuuuGG,|:.....|:|:||||||||:|:|||:||:,5,-475,.......(((((((((((((((((((((((((((((((()))))))))))))))))))))))))))))))).......,-40.70000076293945,0.010588745930555669
GUAuGUGuGAuuAGuuAAGuuuuAuuuGG,..||...|:|:||||||||:|:|||:||:,5,-480,.......(((((((((((((((((((((((((((((((()))))))))))))))))))))))))))))))).......,-40.70000076293945,0.010588745930555669
uUAuGUGuGAuuAGuuAAGuuuuAuuuGG,|.||...|:|:||||||||:|:|||:||:,4,-500,.......(((((((((((((((((((((((((((((((()))))))))))))))))))))))))))))))).......,-40.70000076293945,0.010588745930555669
uGUuuUGuGAuuAGuuAAGuuuuAuuuGG,|:.|:..|:|:||||||||:|:|||:||:,3,-510,.......(((((((((((((((((((((((((((((((()))))))))))))))))))))))))))))))).......,-40.70000076293945,0.010588745930555669
UUAuGUGuGAuuAGuuAAGuuuuAuuuGG,|.||...|:|:||||||||:|:|||:||:,4,-500,.......(((((((((((((((((((((((((((((((()))))))))))))))))))))))))))))))).......,-40.70000076293945,0.010588745930555669
GUAGuUUGGAuuAGuuAAGuuuuAuuuGG,..|.:.:.:|:||||||||:|:|||:||:,5,-470,.(((((..((((((((((((((((((((((((((((((()))))))))))))))))))))))))))))))...))))),-40.5,0.007651761369149807
GUAGuUuGGAuuAGuuAAGuuuuAuuuGG,..|.:.:.:|:||||||||:|:|||:||:,5,-470,.(((((..((((((((((((((((((((((((((((((()))))))))))))))))))))))))))))))...))))),-40.5,0.007651761369149807
UUAGUUuGGAuuAGuuAAGuuuuAuuuGG,|.|.:.:.:|:||||||||:|:|||:||:,4,-490,.(((((..((((((((((((((((((((((((((((((()))))))))))))))))))))))))))))))...))))),-40.5,0.007651761369149807
UUAGuUUGGAuuAGuuAAGuuuuAuuuGG,|.|.:.:.:|:||||||||:|:|||:||:,4,-490,.(((((..((((((((((((((((((((((((((((((()))))))))))))))))))))))))))))))...))))),-40.5,0.007651761369149807
UUAGuUuGGAuuAGuuAAGuuuuAuuuGG,|.|.:.:.:|:||||||||:|:|||:||:,4,-490,.(((((..((((((((((((((((((((((((((((((()))))))))))))))))))))))))))))))...))))),-40.5,0.007651761369149807
uUAGuUUGGAuuAGuuAAGuuuuAuuuGG,|.|.:.:.:|:||||||||:|:|||:||:,4,-490,.(((((..((((((((((((((((((((((((((((((()))))))))))))))))))))))))))))))...))))),-40.5,0.007651761369149807
uUAGuUuGGAuuAGuuAAGuuuuAuuuGG,|.|.:.:.:|:||||||||:|:|||:||:,4,-490,.(((((..((((((((((((((((((((((((((((((()))))))))))))))))))))))))))))))...))))),-40.5,0.007651761369149807
GUAGUUuGGAuuAGuuAAGuuuuAuuuGG,..|.:.:.:|:||||||||:|:|||:||:,5,-470,.(((((..((((((((((((((((((((((((((((((()))))))))))))))))))))))))))))))...))))),-40.5,0.007651761369149807
uUAGUUuGGAuuAGuuAAGuuuuAuuuGG,|.|.:.:.:|:||||||||:|:|||:||:,4,-490,.(((((..((((((((((((((((((((((((((((((()))))))))))))))))))))))))))))))...))))),-40.5,0.007651761369149807
GUUAuGUGGAuuAGuuAAGuuuuAuuuGG,....:::.:|:||||||||:|:|||:||:,5,-465,(((((...((((((((((((((((((((((((((((((())))))))))))))))))))))))))))))).)))))..,-40.400001525878906,0.006504609180751548
AGUuuUuGGAuuAGuuAAGuuuuAuuuGG,.:.|:.:.:|:||||||||:|:|||:||:,4,-485,((((....((((((((((((((((((((((((((((((()))))))))))))))))))))))))))))))...)))).,-40.20000076293945,0.0047004354979438044
UUAuGUuGGAuuAGuuAAGuuuuAuuuGG,|.||..:.:|:||||||||:|:|||:||:,4,-495,........((((((((((((((((((((((((((((((()))))))))))))))))))))))))))))))........,-40.0,0.0033966827608507342
GUUuAGUGGAuuAGuuAAGuuuuAuuuGG,...|.::.:|:||||||||:|:|||:||:,5,-470,........((((((((((((((((((((((((((((((()))))))))))))))))))))))))))))))........,-40.0,0.0033966827608507342
GUAuGUUGGAuuAGuuAAGuuuuAuuuGG,..||..:.:|:||||||||:|:|||:||:,5,-475,........((((((((((((((((((((((((((((((()))))))))))))))))))))))))))))))........,-40.0,0.0033966827608507342
uUUAuGUGGAuuAGuuAAGuuuuAuuuGG,|...:::.:|:||||||||:|:|||:||:,4,-485,........((((((((((((((((((((((((((((((()))))))))))))))))))))))))))))))........,-40.0,0.0033966827608507342
GGUAuGUGGAuuAGuuAAGuuuuAuuuGG,.:..:::.:|:||||||||:|:|||:||:,4,-480,........((((((((((((((((((((((((((((((()))))))))))))))))))))))))))))))........,-40.0,0.0033966827608507342
UUAuuGUGGAuuAGuuAAGuuuuAuuuGG,|.||:::.:|:||||||||:|:|||:||:,2,-525,........((((((((((((((((((((((((((((((()))))))))))))))))))))))))))))))........,-40.0,0.0033966827608507342
uGUuuUuGGAuuAGuuAAGuuuuAuuuGG,|:.|:.:.:|:||||||||:|:|||:||:,3,-505,........((((((((((((((((((((((((((((((()))))))))))))))))))))))))))))))........,-40.0,0.0033966827608507342
UUUAuGUGGAuuAGuuAAGuuuuAuuuGG,|...:::.:|:||||||||:|:|||:||:,4,-485,........((((((((((((((((((((((((((((((()))))))))))))))))))))))))))))))........,-40.0,0.0033966827608507342
GUUUAGUGGAuuAGuuAAGuuuuAuuuGG,...|.::.:|:||||||||:|:|||:||:,5,-470,........((((((((((((((((((((((((((((((()))))))))))))))))))))))))))))))........,-40.0,0.0033966827608507342
UUUuAGUGGAuuAGuuAAGuuuuAuuuGG,|..|.::.:|:||||||||:|:|||:||:,4,-490,........((((((((((((((((((((((((((((((()))))))))))))))))))))))))))))))........,-40.0,0.0033966827608507342
GUAuuGUGGAuuAGuuAAGuuuuAuuuGG,..||:::.:|:||||||||:|:|||:||:,3,-505,........((((((((((((((((((((((((((((((()))))))))))))))))))))))))))))))........,-40.0,0.0033966827608507342
uUUuAGUGGAuuAGuuAAGuuuuAuuuGG,|..|.::.:|:||||||||:|:|||:||:,4,-490,........((((((((((((((((((((((((((((((()))))))))))))))))))))))))))))))........,-40.0,0.0033966827608507342
uUAuuGUGGAuuAGuuAAGuuuuAuuuGG,|.||:::.:|:||||||||:|:|||:||:,2,-525,........((((((((((((((((((((((((((((((()))))))))))))))))))))))))))))))........,-40.0,0.0033966827608507342
uUAuGUUGGAuuAGuuAAGuuuuAuuuGG,|.||..:.:|:||||||||:|:|||:||:,4,-495,........((((((((((((((((((((((((((((((()))))))))))))))))))))))))))))))........,-40.0,0.0033966827608507342
uUUUAGUGGAuuAGuuAAGuuuuAuuuGG,|..|.::.:|:||||||||:|:|||:||:,4,-490,........((((((((((((((((((((((((((((((()))))))))))))))))))))))))))))))........,-40.0,0.0033966827608507342
uGGUAGUGGAuuAGuuAAGuuuuAuuuGG,|::|.::.:|:||||||||:|:|||:||:,2,-520,........((((((((((((((((((((((((((((((()))))))))))))))))))))))))))))))........,-40.0,0.0033966827608507342
uGUAGUuGGAuuAGuuAAGuuuuAuuuGG,|:....:.:|:||||||||:|:|||:||:,5,-470,........((((((((((((((((((((((((((((((()))))))))))))))))))))))))))))))........,-40.0,0.0033966827608507342
GUAuGUuGGAuuAGuuAAGuuuuAuuuGG,..||..:.:|:||||||||:|:|||:||:,5,-475,........((((((((((((((((((((((((((((((()))))))))))))))))))))))))))))))........,-40.0,0.0033966827608507342
uGUAuGUGGAuuAGuuAAGuuuuAuuuGG,|:..:::.:|:||||||||:|:|||:||:,3,-500,........((((((((((((((((((((((((((((((()))))))))))))))))))))))))))))))........,-40.0,0.0033966827608507342
GGGUAGUGGAuuAGuuAAGuuuuAuuuGG,.::|.::.:|:||||||||:|:|||:||:,3,-500,........((((((((((((((((((((((((((((((()))))))))))))))))))))))))))))))........,-40.0,0.0033966827608507342
uUAuGUuGGAuuAGuuAAGuuuuAuuuGG,|.||..:.:|:||||||||:|:|||:||:,4,-495,........((((((((((((((((((((((((((((((()))))))))))))))))))))))))))))))........,-40.0,0.0033966827608507342
UUAuGUUGGAuuAGuuAAGuuuuAuuuGG,|.||..:.:|:||||||||:|:|||:||:,4,-495,........((((((((((((((((((((((((((((((()))))))))))))))))))))))))))))))........,-40.0,0.0033966827608507342
uGUAGUUGGAuuAGuuAAGuuuuAuuuGG,|:....:.:|:||||||||:|:|||:||:,5,-470,........((((((((((((((((((((((((((((((()))))))))))))))))))))))))))))))........,-40.0,0.0033966827608507342
GUUuUAGUGGAuAGuuAAGuuuuAuuuGG,...|:|.|::.||||||||:|:|||:||:,5,-475,...(((.(((.(((((((((((((((((((((((((((()))))))))))))))))))))))))))).))).)))...,-39.0,0.0006693328285570957
GGUuuAGUGGAuAGuuAAGuuuuAuuuGG,.:.|:|.|::.||||||||:|:|||:||:,4,-490,...(((.(((.(((((((((((((((((((((((((((()))))))))))))))))))))))))))).))).)))...,-39.0,0.0006693328285570957
GUUUuAGUGGAuAGuuAAGuuuuAuuuGG,...|:|.|::.||||||||:|:|||:||:,5,-475,...(((.(((.(((((((((((((((((((((((((((()))))))))))))))))))))))))))).))).)))...,-39.0,0.0006693328285570957
uUUuuAGUGGAuAGuuAAGuuuuAuuuGG,|..|:|.|::.||||||||:|:|||:||:,4,-495,...(((.(((.(((((((((((((((((((((((((((()))))))))))))))))))))))))))).))).)))...,-39.0,0.0006693328285570957
uGUUUAGUGGAuAGuuAAGuuuuAuuuGG,|:.|:|.|::.||||||||:|:|||:||:,3,-510,...(((.(((.(((((((((((((((((((((((((((()))))))))))))))))))))))))))).))).)))...,-39.0,0.0006693328285570957
UUUuuAGUGGAuAGuuAAGuuuuAuuuGG,|..|:|.|::.||||||||:|:|||:||:,4,-495,...(((.(((.(((((((((((((((((((((((((((()))))))))))))))))))))))))))).))).)))...,-39.0,0.0006693328285570957
uGUUuAGUGGAuAGuuAAGuuuuAuuuGG,|:.|:|.|::.||||||||:|:|||:||:,3,-510,...(((.(((.(((((((((((((((((((((((((((()))))))))))))))))))))))))))).))).)))...,-39.0,0.0006693328285570957
GGUUUAGUGGAuAGuuAAGuuuuAuuuGG,.:.|:|.|::.||||||||:|:|||:||:,4,-490,...(((.(((.(((((((((((((((((((((((((((()))))))))))))))))))))))))))).))).)))...,-39.0,0.0006693328285570957
uGUuuAGUGGAuAGuuAAGuuuuAuuuGG,|:.|:|.|::.||||||||:|:|||:||:,3,-510,...(((.(((.(((((((((((((((((((((((((((()))))))))))))))))))))))))))).))).)))...,-39.0,0.0006693328285570957
GGUuUAGUGGAuAGuuAAGuuuuAuuuGG,.:.|:|.|::.||||||||:|:|||:||:,4,-490,...(((.(((.(((((((((((((((((((((((((((()))))))))))))))))))))))))))).))).)))...,-39.0,0.0006693328285570957
uUUUuAGUGGAuAGuuAAGuuuuAuuuGG,|..|:|.|::.||||||||:|:|||:||:,4,-495,...(((.(((.(((((((((((((((((((((((((((()))))))))))))))))))))))))))).))).)))...,-39.0,0.0006693328285570957
uGUuUAGUGGAuAGuuAAGuuuuAuuuGG,|:.|:|.|::.||||||||:|:|||:||:,3,-510,...(((.(((.(((((((((((((((((((((((((((()))))))))))))))))))))))))))).))).)))...,-39.0,0.0006693328285570957
uUUuUAGUGGAuAGuuAAGuuuuAuuuGG,|..|:|.|::.||||||||:|:|||:||:,4,-495,...(((.(((.(((((((((((((((((((((((((((()))))))))))))))))))))))))))).))).)))...,-39.0,0.0006693328285570957
